field,n_groups,n_values,chi2,dof,p_value,total_n
emphasizes_innovation_or_compliance_cost,9,2,76.89458091644376,8,2.0573339403817186e-13,510
tone,9,5,127.19747046612711,32,2.68446190916538e-13,510
overall_stance_on_mandatory_federal_role,9,4,106.73740652801104,24,2.0844704201340545e-12,510
supports_mandatory_pre_deployment_eval,9,4,71.52697897186846,24,1.280709200574138e-06,510
stance_on_nist_as_standards_body,9,4,25.55774767231163,24,0.37597922034654857,510
supports_incident_reporting_regime,9,4,16.076165141809824,24,0.8853072011779112,510
